                  epoch,         train/box_loss,         train/cls_loss,         train/dfl_loss,   metrics/precision(B),      metrics/recall(B),       metrics/mAP50(B),    metrics/mAP50-95(B),           val/box_loss,           val/cls_loss,           val/dfl_loss,                 lr/pg0,                 lr/pg1,                 lr/pg2
                      1,                 1.5061,                 2.7967,                 1.7796,                0.12836,                0.26812,                 0.0924,                0.02986,                 2.6939,                 4.1246,                 2.8515,             0.00066231,             0.00066231,             0.00066231
                      2,                 1.5149,                 2.5719,                  1.795,                0.11761,                0.15942,                0.04372,                0.01198,                 2.8107,                 3.3328,                 2.7174,              0.0013208,              0.0013208,              0.0013208
                      3,                 1.5579,                 2.5423,                 1.8288,                0.19151,                0.25725,                0.13183,                 0.0506,                 2.3302,                 4.3238,                 2.7582,              0.0019709,              0.0019709,              0.0019709
                      4,                 1.5142,                 2.4641,                 1.8092,                0.24548,                0.27899,                0.18379,                0.06733,                  2.328,                 2.9876,                 2.4664,              0.0019629,              0.0019629,              0.0019629
                      5,                 1.4332,                 2.3393,                 1.7305,                0.15419,                0.11232,                 0.0735,                0.03151,                 1.9165,                 3.2829,                 2.0836,              0.0019629,              0.0019629,              0.0019629
                      6,                 1.4078,                  2.307,                 1.7144,                 0.4384,                 0.3988,                0.31623,                0.14433,                 1.9678,                 2.6932,                 2.0849,              0.0019505,              0.0019505,              0.0019505
                      7,                 1.3524,                 2.2014,                 1.6692,                0.31008,                0.25362,                0.23466,                0.10687,                 2.0715,                 2.8351,                 2.2126,              0.0019381,              0.0019381,              0.0019381
                      8,                 1.3318,                 2.1154,                 1.6426,                0.45165,                0.27174,                0.32149,                 0.1486,                 2.0066,                  2.939,                  2.168,              0.0019258,              0.0019258,              0.0019258
                      9,                 1.2882,                  2.033,                 1.6163,                 0.5439,                0.44071,                0.45369,                0.22682,                 1.6003,                 2.2528,                 1.7136,              0.0019134,              0.0019134,              0.0019134
                     10,                 1.2374,                 1.9693,                 1.5773,                  0.377,                0.43631,                0.38509,                0.21149,                 1.6454,                 2.4407,                  1.754,               0.001901,               0.001901,               0.001901
                     11,                 1.2386,                 1.9307,                 1.5776,                0.55596,                0.42643,                0.42321,                0.23841,                 1.6423,                 2.2344,                 1.7858,              0.0018886,              0.0018886,              0.0018886
                     12,                 1.2143,                 1.8714,                 1.5403,                0.62898,                0.44565,                0.51258,                0.31021,                 1.5183,                 2.1102,                 1.6472,              0.0018763,              0.0018763,              0.0018763
                     13,                 1.2012,                 1.8294,                  1.535,                0.61846,                0.49922,                0.53297,                0.32576,                 1.4954,                 2.0229,                 1.6358,              0.0018639,              0.0018639,              0.0018639
                     14,                 1.1613,                 1.7472,                 1.5083,                0.59277,                0.53623,                0.56662,                0.32933,                 1.4391,                 1.9137,                 1.5788,              0.0018515,              0.0018515,              0.0018515
                     15,                 1.1391,                 1.7169,                 1.4947,                 0.8025,                0.56522,                 0.6777,                0.43324,                 1.3345,                 1.6896,                 1.5018,              0.0018391,              0.0018391,              0.0018391
                     16,                 1.1354,                 1.7062,                 1.4829,                0.65281,                0.49638,                0.56027,                0.35421,                 1.5037,                 2.1003,                 1.6311,              0.0018267,              0.0018267,              0.0018267
                     17,                 1.1045,                 1.6398,                 1.4559,                0.79016,                0.58665,                0.67651,                0.44608,                 1.2903,                  1.638,                 1.4995,              0.0018144,              0.0018144,              0.0018144
                     18,                 1.0933,                  1.594,                 1.4449,                0.85228,                0.45989,                0.58226,                0.38563,                 1.3275,                  1.836,                 1.5027,               0.001802,               0.001802,               0.001802
                     19,                 1.0727,                 1.5134,                 1.4159,                0.80944,                0.57246,                0.68061,                0.47512,                 1.2079,                 1.4866,                 1.4022,              0.0017896,              0.0017896,              0.0017896
                     20,                 1.0693,                 1.5123,                 1.4193,                0.88634,                0.53623,                0.66886,                0.44468,                 1.2786,                 1.5814,                 1.4454,              0.0017772,              0.0017772,              0.0017772
                     21,                   1.07,                 1.5046,                 1.4231,                0.81278,                0.62917,                 0.7246,                0.51238,                 1.2036,                 1.3656,                 1.3761,              0.0017649,              0.0017649,              0.0017649
                     22,                 1.0599,                 1.4933,                  1.406,                0.82153,                0.53371,                0.65419,                0.44042,                 1.2824,                  1.639,                 1.4257,              0.0017525,              0.0017525,              0.0017525
                     23,                 1.0218,                 1.4444,                  1.393,                0.82756,                0.66304,                0.74832,                0.51988,                 1.2112,                 1.3017,                 1.3727,              0.0017401,              0.0017401,              0.0017401
                     24,                  1.017,                 1.3976,                 1.3829,                0.84809,                0.67754,                0.76721,                 0.5376,                 1.1816,                 1.2533,                 1.3501,              0.0017278,              0.0017278,              0.0017278
                     25,                0.99723,                 1.3796,                 1.3749,                0.73129,                0.57609,                0.66413,                0.45991,                 1.2155,                 1.5586,                 1.3787,              0.0017154,              0.0017154,              0.0017154
                     26,                0.99402,                 1.3643,                 1.3626,                 0.8678,                0.67391,                0.78466,                0.55434,                 1.1348,                 1.1956,                 1.2883,               0.001703,               0.001703,               0.001703
                     27,                0.97872,                 1.3496,                 1.3592,                0.82454,                0.66667,                0.76268,                0.52586,                 1.1767,                 1.2708,                 1.3501,              0.0016906,              0.0016906,              0.0016906
                     28,                0.98397,                 1.3269,                 1.3491,                0.93276,                0.63768,                0.78271,                0.55139,                  1.175,                 1.2382,                 1.3092,              0.0016783,              0.0016783,              0.0016783
                     29,                0.99185,                 1.3315,                   1.36,                0.86432,                 0.6558,                 0.7742,                0.54707,                 1.1776,                 1.2678,                 1.3348,              0.0016659,              0.0016659,              0.0016659
                     30,                0.95756,                 1.2414,                 1.3268,                0.79418,                0.67391,                0.74713,                0.54133,                 1.0728,                 1.2653,                 1.2245,              0.0016535,              0.0016535,              0.0016535
                     31,                0.93808,                 1.2076,                 1.3122,                0.83581,                0.65942,                0.76388,                0.54857,                  1.158,                 1.2319,                 1.3232,              0.0016411,              0.0016411,              0.0016411
                     32,                0.94804,                 1.2196,                 1.3238,                0.87132,                0.67391,                0.80121,                0.58411,                 1.0917,                 1.1101,                 1.2568,              0.0016287,              0.0016287,              0.0016287
                     33,                0.95437,                 1.2335,                 1.3209,                0.89723,                0.72464,                0.81641,                0.60763,                  1.066,                 1.0442,                 1.2173,              0.0016164,              0.0016164,              0.0016164
                     34,                0.93038,                 1.1968,                 1.3047,                 0.9111,                0.58333,                0.71367,                0.51623,                 1.1344,                 1.3795,                 1.3204,               0.001604,               0.001604,               0.001604
                     35,                0.92194,                 1.1627,                 1.2961,                0.88449,                0.69359,                0.80297,                0.59651,                 1.0113,                 1.0685,                 1.2015,              0.0015916,              0.0015916,              0.0015916
                     36,                0.92921,                 1.1618,                 1.3002,                 0.8611,                0.69565,                0.80705,                0.57697,                 1.0678,                 1.1179,                 1.2206,              0.0015793,              0.0015793,              0.0015793
                     37,                0.91377,                 1.1449,                 1.3028,                0.84753,                0.74275,                0.82962,                0.61205,                 1.0633,                   1.01,                 1.2182,              0.0015669,              0.0015669,              0.0015669
                     38,                0.87601,                  1.094,                 1.2638,                0.86164,                0.72201,                0.81272,                0.59786,                 1.0051,                 1.0643,                 1.1758,              0.0015545,              0.0015545,              0.0015545
                     39,                0.88778,                  1.102,                 1.2789,                0.82825,                0.78986,                0.83815,                0.62825,                0.97715,                0.98425,                 1.1744,              0.0015421,              0.0015421,              0.0015421
                     40,                0.87043,                   1.08,                 1.2704,                0.88776,                0.71645,                0.83468,                0.63257,                0.96667,                 1.0474,                 1.1182,              0.0015298,              0.0015298,              0.0015298
                     41,                0.89063,                 1.0855,                 1.2664,                0.88648,                0.73561,                0.85708,                0.65333,                0.93787,                0.93253,                 1.0798,              0.0015174,              0.0015174,              0.0015174
                     42,                0.87568,                 1.0448,                 1.2616,                0.86079,                0.78411,                0.86036,                0.63774,                0.94169,                0.93018,                 1.1117,               0.001505,               0.001505,               0.001505
                     43,                0.88662,                 1.0344,                 1.2581,                0.87867,                0.77536,                0.85002,                 0.6315,                0.99593,                0.91042,                 1.1621,              0.0014926,              0.0014926,              0.0014926
                     44,                0.85248,                 1.0259,                 1.2428,                0.80557,                0.75061,                0.82728,                0.60449,                 1.0292,                 1.0432,                 1.1893,              0.0014803,              0.0014803,              0.0014803
                     45,                0.84659,                 1.0174,                 1.2452,                 0.9061,                0.71739,                0.82144,                0.62201,                0.97989,                 1.0163,                  1.132,              0.0014679,              0.0014679,              0.0014679
                     46,                0.84801,                 1.0119,                 1.2428,                0.90652,                0.79348,                0.86928,                  0.661,                0.95422,                0.83759,                  1.093,              0.0014555,              0.0014555,              0.0014555
                     47,                0.83646,                0.98687,                 1.2302,                0.90864,                0.79277,                0.88055,                0.68195,                0.89204,                 0.8063,                 1.0587,              0.0014431,              0.0014431,              0.0014431
                     48,                0.83319,                0.97612,                 1.2272,                0.85712,                0.76449,                0.85159,                0.62233,                0.99809,                0.94191,                  1.163,              0.0014307,              0.0014307,              0.0014307
                     49,                0.85422,                0.99488,                 1.2443,                0.93867,                0.72101,                0.85482,                0.64075,                0.95342,                0.92781,                 1.1367,              0.0014184,              0.0014184,              0.0014184
                     50,                0.82707,                0.97032,                 1.2222,                0.91234,                0.76449,                0.85548,                0.63464,                0.97077,                0.91085,                  1.147,               0.001406,               0.001406,               0.001406
                     51,                0.82421,                0.95355,                 1.2157,                0.91315,                0.80072,                0.87456,                0.67328,                0.90332,                0.81437,                 1.0662,              0.0013936,              0.0013936,              0.0013936
                     52,                0.81133,                0.95525,                 1.2196,                0.93353,                0.76334,                0.86249,                0.65646,                0.90663,                0.86385,                 1.0821,              0.0013813,              0.0013813,              0.0013813
                     53,                0.81059,                0.94594,                 1.2105,                0.91113,                 0.7971,                0.88511,                0.67193,                0.89952,                0.87632,                 1.0489,              0.0013689,              0.0013689,              0.0013689
                     54,                0.80648,                 0.9404,                 1.2104,                0.92713,                0.78363,                0.85783,                0.63807,                0.96291,                 0.8934,                   1.11,              0.0013565,              0.0013565,              0.0013565
                     55,                0.79655,                0.91306,                 1.2029,                0.90089,                0.82332,                 0.8875,                0.67895,                0.88154,                0.77755,                 1.0576,              0.0013441,              0.0013441,              0.0013441
                     56,                0.79664,                0.91716,                 1.1939,                0.95169,                0.78261,                0.88688,                0.68462,                0.90756,                0.80902,                 1.0473,              0.0013318,              0.0013318,              0.0013318
                     57,                0.78835,                0.89775,                 1.2029,                0.93081,                0.77985,                0.88559,                0.66913,                0.93111,                0.80172,                 1.0859,              0.0013194,              0.0013194,              0.0013194
                     58,                0.77624,                0.89897,                 1.1932,                0.89674,                0.84959,                0.89094,                0.68751,                 0.8976,                0.74914,                 1.0665,               0.001307,               0.001307,               0.001307
                     59,                0.78243,                0.88476,                 1.1892,                0.95337,                0.78261,                0.88926,                0.67369,                0.93037,                0.77836,                 1.1015,              0.0012946,              0.0012946,              0.0012946
                     60,                0.78339,                0.86779,                 1.1928,                0.94807,                 0.7971,                0.89568,                0.67842,                0.90085,                0.80476,                 1.0803,              0.0012822,              0.0012822,              0.0012822
                     61,                0.75836,                0.86642,                 1.1804,                0.96482,                0.79495,                0.90016,                 0.6845,                0.94084,                0.72858,                 1.1035,              0.0012699,              0.0012699,              0.0012699
                     62,                0.77149,                0.87402,                 1.1897,                0.92628,                0.81948,                0.90702,                0.68847,                0.93508,                0.71368,                 1.0951,              0.0012575,              0.0012575,              0.0012575
                     63,                0.77021,                0.84865,                 1.1708,                0.91256,                0.84058,                0.91481,                0.70766,                0.84613,                0.70974,                 1.0158,              0.0012451,              0.0012451,              0.0012451
                     64,                0.77851,                0.84047,                 1.1761,                 0.9225,                0.81884,                0.89036,                0.68533,                0.88233,                0.74817,                 1.0384,              0.0012328,              0.0012328,              0.0012328
                     65,                0.77401,                0.83938,                 1.1766,                0.87521,                0.82246,                0.88021,                0.66442,                0.89085,                0.79421,                 1.0688,              0.0012204,              0.0012204,              0.0012204
                     66,                0.75444,                0.83481,                 1.1716,                0.91593,                0.81522,                0.89815,                0.69712,                0.88413,                0.74383,                 1.0362,               0.001208,               0.001208,               0.001208
                     67,                0.75353,                0.83117,                  1.165,                0.92288,                0.82971,                0.89406,                0.70017,                0.85088,                0.75343,                 1.0113,              0.0011956,              0.0011956,              0.0011956
                     68,                0.74821,                0.83404,                 1.1575,                0.91811,                0.83333,                0.90654,                0.68958,                0.89636,                0.75778,                 1.0542,              0.0011833,              0.0011833,              0.0011833
                     69,                0.73826,                0.81492,                  1.162,                0.91968,                0.82975,                0.90069,                  0.685,                0.88036,                0.73473,                 1.0478,              0.0011709,              0.0011709,              0.0011709
                     70,                0.74657,                0.80925,                 1.1555,                0.93493,                 0.7971,                0.88664,                0.68711,                0.88833,                0.78475,                 1.0615,              0.0011585,              0.0011585,              0.0011585
                     71,                0.72749,                0.78301,                 1.1506,                0.91208,                0.83696,                0.91006,                0.70979,                0.87679,                0.70431,                 1.0291,              0.0011461,              0.0011461,              0.0011461
                     72,                0.73771,                0.80309,                 1.1516,                0.94182,                0.84058,                0.91524,                0.71159,                0.83323,                0.71676,                 1.0089,              0.0011337,              0.0011337,              0.0011337
                     73,                0.71177,                0.77851,                 1.1369,                0.93576,                0.84783,                0.91715,                0.71791,                0.86026,                0.69856,                 1.0296,              0.0011214,              0.0011214,              0.0011214
                     74,                0.72405,                0.77952,                 1.1485,                0.94813,                0.82609,                0.91828,                0.71212,                0.85093,                0.65073,                 1.0142,               0.001109,               0.001109,               0.001109
                     75,                0.72456,                 0.7935,                 1.1428,                  0.927,                0.84058,                0.89963,                0.70972,                 0.8437,                0.71025,                 1.0114,              0.0010966,              0.0010966,              0.0010966
                     76,                0.71968,                0.76439,                 1.1393,                0.95283,                0.80511,                0.89899,                0.69848,                0.84765,                  0.718,                 1.0061,              0.0010842,              0.0010842,              0.0010842
                     77,                0.71945,                0.77474,                 1.1462,                0.95269,                0.86957,                0.93179,                0.74369,                0.78498,                0.59874,                0.95468,              0.0010719,              0.0010719,              0.0010719
                     78,                0.70257,                0.75756,                 1.1316,                0.93423,                0.81522,                0.91598,                0.72142,                0.83339,                0.66849,                0.99804,              0.0010595,              0.0010595,              0.0010595
                     79,                0.69756,                0.73652,                 1.1238,                0.94256,                0.83232,                0.91094,                0.71018,                0.87229,                0.68997,                 1.0344,              0.0010471,              0.0010471,              0.0010471
                     80,                0.70839,                0.75042,                 1.1364,                0.94184,                0.82971,                0.91583,                0.71877,                0.85932,                 0.6781,                 1.0303,              0.0010347,              0.0010347,              0.0010347
                     81,                0.70448,                0.72493,                  1.129,                0.87199,                0.87681,                0.92656,                0.72983,                0.84788,                0.62854,                 1.0022,              0.0010224,              0.0010224,              0.0010224
                     82,                0.70897,                0.74729,                 1.1371,                0.97311,                0.82971,                0.91543,                 0.7213,                0.81772,                0.63781,                0.98827,                0.00101,                0.00101,                0.00101
                     83,                 0.6973,                0.71981,                 1.1253,                0.95632,                 0.8442,                0.92646,                0.72756,                0.81144,                0.63263,                0.96702,             0.00099763,             0.00099763,             0.00099763
                     84,                0.68825,                0.71896,                 1.1201,                0.94321,                0.84058,                0.92436,                0.72478,                0.81071,                0.62547,                0.98868,             0.00098525,             0.00098525,             0.00098525
                     85,                0.69338,                0.71438,                  1.119,                0.95582,                0.86222,                0.93611,                0.72938,                0.82763,                0.63709,                0.99466,             0.00097287,             0.00097287,             0.00097287
                     86,                0.68401,                0.71622,                 1.1127,                  0.964,                0.82971,                0.92199,                0.73377,                0.81748,                  0.615,                 1.0058,              0.0009605,              0.0009605,              0.0009605
                     87,                0.67486,                0.71848,                 1.1129,                0.96067,                0.82246,                0.92092,                0.73123,                0.82038,                0.65415,                0.99597,             0.00094812,             0.00094812,             0.00094812
                     88,                0.69013,                 0.7289,                 1.1248,                 0.9455,                0.85145,                0.92073,                0.72845,                0.79401,                0.63403,                0.96739,             0.00093575,             0.00093575,             0.00093575
                     89,                0.68277,                0.70521,                 1.1125,                0.94594,                0.85507,                0.92745,                0.72594,                0.85465,                0.64743,                 1.0393,             0.00092338,             0.00092338,             0.00092338
                     90,                0.67281,                 0.6847,                 1.1061,                0.93012,                0.85145,                0.92283,                0.73584,                0.84148,                0.66448,                0.99786,               0.000911,               0.000911,               0.000911
                     91,                0.65954,                0.68068,                 1.1053,                 0.9554,                0.83696,                0.93588,                0.73488,                0.82898,                0.57592,                   1.01,             0.00089863,             0.00089863,             0.00089863
                     92,                0.66233,                0.68756,                 1.1063,                 0.9424,                0.85145,                0.93044,                0.73451,                0.80742,                 0.6159,                0.97761,             0.00088625,             0.00088625,             0.00088625
                     93,                0.67288,                0.71288,                 1.1076,                 0.9441,                0.85664,                0.92887,                0.73542,                0.81184,                0.59575,                0.99069,             0.00087388,             0.00087388,             0.00087388
                     94,                0.66625,                0.68799,                  1.104,                0.95048,                0.84058,                0.93863,                0.73877,                0.82286,                0.60984,                0.99603,              0.0008615,              0.0008615,              0.0008615
                     95,                0.64458,                0.66547,                 1.0896,                0.94898,                0.85145,                0.92831,                0.72954,                0.81746,                0.61813,                0.99975,             0.00084912,             0.00084912,             0.00084912
                     96,                0.66527,                0.67759,                 1.0987,                0.94092,                0.86557,                0.93552,                0.74022,                 0.8096,                0.60209,                0.98756,             0.00083675,             0.00083675,             0.00083675
                     97,                0.64566,                0.65091,                 1.0924,                0.92124,                0.87319,                 0.9351,                0.74297,                0.80426,                0.60384,                0.97423,             0.00082438,             0.00082438,             0.00082438
                     98,                0.64138,                0.65293,                 1.0869,                0.93814,                0.85507,                0.92584,                0.73006,                0.82444,                0.61722,                  1.002,               0.000812,               0.000812,               0.000812
                     99,                0.63028,                0.63832,                 1.0815,                0.92581,                0.85904,                0.92949,                0.73151,                0.84486,                0.62889,                0.99941,             0.00079963,             0.00079963,             0.00079963
                    100,                0.64862,                0.65974,                 1.0956,                0.94043,                0.87319,                 0.9348,                0.74311,                0.81909,                 0.5963,                0.98233,             0.00078725,             0.00078725,             0.00078725
                    101,                0.63805,                0.65481,                 1.0919,                0.92611,                0.86285,                0.93392,                0.74654,                0.79023,                0.60022,                0.96412,             0.00077487,             0.00077487,             0.00077487
                    102,                0.63481,                0.63787,                 1.0874,                0.97152,                0.86523,                0.94817,                0.74649,                0.79517,                0.58294,                0.96776,              0.0007625,              0.0007625,              0.0007625
                    103,                0.64156,                0.64196,                 1.0847,                0.95362,                0.87681,                0.93863,                0.74159,                 0.7689,                 0.5888,                0.96797,             0.00075013,             0.00075013,             0.00075013
                    104,                0.63846,                0.63519,                 1.0879,                0.93722,                0.85145,                0.93255,                0.72995,                0.80356,                0.59362,                0.98611,             0.00073775,             0.00073775,             0.00073775
                    105,                0.63027,                0.63963,                 1.0868,                0.94991,                0.86232,                0.93901,                0.74394,                0.78906,                0.56808,                0.96853,             0.00072537,             0.00072537,             0.00072537
                    106,                0.63001,                 0.6364,                 1.0826,                0.94324,                 0.8587,                0.93614,                0.74996,                 0.7758,                 0.5981,                 0.9455,               0.000713,               0.000713,               0.000713
                    107,                0.62128,                0.62892,                 1.0738,                0.93446,                0.87824,                0.93592,                 0.7421,                0.80543,                0.59317,                0.98725,             0.00070063,             0.00070063,             0.00070063
                    108,                0.61119,                0.61899,                 1.0687,                0.95232,                0.86837,                0.92718,                0.73942,                 0.7894,                0.60281,                0.95767,             0.00068825,             0.00068825,             0.00068825
                    109,                0.60307,                0.61247,                  1.064,                0.93797,                0.87665,                0.93227,                0.74346,                 0.7703,                0.57936,                0.94269,             0.00067588,             0.00067588,             0.00067588
                    110,                0.60767,                0.61234,                 1.0647,                0.94083,                0.86417,                0.93664,                0.74469,                0.79074,                0.60169,                0.96664,              0.0006635,              0.0006635,              0.0006635
                    111,                0.60888,                0.60932,                 1.0654,                0.96325,                 0.8546,                0.93707,                0.74962,                0.76789,                0.59309,                0.93301,             0.00065113,             0.00065113,             0.00065113
                    112,                0.60386,                0.59817,                 1.0647,                0.94705,                0.85507,                0.92883,                0.74536,                0.77817,                0.59163,                0.95171,             0.00063875,             0.00063875,             0.00063875
                    113,                0.60669,                0.61012,                 1.0674,                0.95216,                 0.8587,                0.93634,                 0.7425,                 0.7875,                0.58274,                0.96057,             0.00062637,             0.00062637,             0.00062637
                    114,                0.61023,                0.61691,                 1.0652,                0.94228,                0.88727,                0.94074,                0.75019,                0.78118,                 0.5504,                0.94784,               0.000614,               0.000614,               0.000614
                    115,                0.60041,                0.59219,                 1.0615,                0.96362,                0.86374,                0.93985,                0.74839,                0.76932,                0.55685,                0.94376,             0.00060162,             0.00060162,             0.00060162
                    116,                0.58049,                 0.5871,                 1.0534,                0.94264,                0.86594,                0.93383,                0.75072,                0.75817,                 0.5767,                0.93632,             0.00058925,             0.00058925,             0.00058925
                    117,                0.59392,                 0.5923,                 1.0556,                0.93587,                0.86594,                0.93548,                0.75006,                0.75275,                0.55942,                 0.9344,             0.00057688,             0.00057688,             0.00057688
                    118,                0.59801,                0.59403,                 1.0599,                0.93409,                0.87296,                0.92907,                0.75144,                0.75815,                 0.5804,                0.93318,              0.0005645,              0.0005645,              0.0005645
                    119,                0.59909,                0.58542,                 1.0642,                0.94532,                0.87702,                0.93494,                0.75118,                0.79584,                0.57175,                0.95407,             0.00055213,             0.00055213,             0.00055213
                    120,                0.59347,                0.58749,                 1.0628,                0.96382,                0.86957,                 0.9392,                0.75344,                0.77516,                 0.5799,                0.95496,             0.00053975,             0.00053975,             0.00053975
                    121,                0.58886,                0.57651,                 1.0627,                0.95819,                0.86232,                 0.9378,                0.74812,                0.79439,                0.56441,                0.95523,             0.00052737,             0.00052737,             0.00052737
                    122,                0.57955,                0.57963,                 1.0469,                0.95391,                0.87319,                0.94159,                0.75013,                0.75371,                0.53787,                0.93472,               0.000515,               0.000515,               0.000515
                    123,                 0.5805,                0.57076,                 1.0553,                 0.9645,                0.86232,                0.94067,                0.76022,                 0.7361,                0.52575,                0.92234,             0.00050263,             0.00050263,             0.00050263
                    124,                0.57137,                0.54304,                 1.0475,                0.96332,                0.85629,                0.94291,                0.75053,                0.76267,                0.54155,                0.94074,             0.00049025,             0.00049025,             0.00049025
                    125,                0.57606,                0.55714,                 1.0468,                0.90105,                0.90942,                0.94139,                0.75891,                0.75905,                0.52576,                0.93993,             0.00047787,             0.00047787,             0.00047787
                    126,                0.57171,                0.56513,                 1.0473,                0.94833,                0.86443,                0.93888,                0.75827,                0.76096,                0.56086,                0.94187,              0.0004655,              0.0004655,              0.0004655
                    127,                0.56308,                0.55464,                 1.0442,                 0.9677,                0.87681,                0.94546,                0.75548,                0.72998,                0.52817,                0.92878,             0.00045313,             0.00045313,             0.00045313
                    128,                0.56237,                0.54287,                 1.0365,                0.96377,                 0.8675,                   0.94,                0.76244,                0.73698,                0.53944,                0.93353,             0.00044075,             0.00044075,             0.00044075
                    129,                0.55899,                0.55631,                 1.0446,                0.95536,                0.85507,                0.93892,                0.75977,                0.72712,                0.55161,                  0.924,             0.00042838,             0.00042838,             0.00042838
                    130,                0.55854,                0.54427,                 1.0376,                0.96017,                0.87332,                0.94059,                0.75763,                0.73548,                0.54664,                0.91903,               0.000416,               0.000416,               0.000416
                    131,                0.56082,                0.54574,                 1.0444,                0.95749,                0.85507,                0.94097,                0.76039,                0.71753,                0.55008,                0.91705,             0.00040362,             0.00040362,             0.00040362
                    132,                0.55199,                 0.5358,                  1.033,                0.93829,                0.88146,                0.94249,                0.74913,                 0.7593,                0.55251,                0.94706,             0.00039125,             0.00039125,             0.00039125
                    133,                0.56001,                0.54537,                 1.0418,                0.96378,                0.86759,                0.93986,                 0.7549,                0.75231,                0.54549,                0.94075,             0.00037888,             0.00037888,             0.00037888
                    134,                0.56026,                0.54189,                 1.0331,                0.97502,                0.84848,                0.93964,                 0.7548,                0.75898,                0.53809,                0.94851,              0.0003665,              0.0003665,              0.0003665
                    135,                0.54224,                 0.5193,                 1.0341,                 0.9625,                0.85145,                0.93348,                0.75568,                0.74363,                0.54015,                0.94199,             0.00035412,             0.00035412,             0.00035412
                    136,                0.55461,                0.53194,                 1.0371,                0.96326,                0.85502,                0.93577,                0.75868,                 0.7459,                0.54168,                0.94694,             0.00034175,             0.00034175,             0.00034175
                    137,                0.53671,                0.51685,                 1.0273,                0.94436,                0.86097,                0.93542,                0.75969,                0.73772,                0.54756,                 0.9451,             0.00032938,             0.00032938,             0.00032938
                    138,                0.54232,                0.51613,                 1.0325,                0.96091,                0.85145,                0.93729,                0.75655,                0.73341,                0.54329,                0.93777,               0.000317,               0.000317,               0.000317
                    139,                0.55794,                0.54006,                 1.0341,                0.95548,                0.85531,                0.94093,                 0.7584,                 0.7228,                0.53847,                0.93473,             0.00030463,             0.00030463,             0.00030463
                    140,                0.54253,                0.53044,                 1.0322,                0.95209,                 0.8641,                0.93737,                 0.7608,                0.72812,                0.53619,                0.93029,             0.00029225,             0.00029225,             0.00029225
                    141,                0.53684,                0.51053,                 1.0286,                0.95596,                0.86522,                0.94306,                0.75628,                0.73115,                0.53294,                0.93285,             0.00027988,             0.00027988,             0.00027988
                    142,                0.53098,                 0.5207,                 1.0293,                0.93159,                0.86232,                0.93571,                0.75465,                0.73475,                0.56167,                0.93217,              0.0002675,              0.0002675,              0.0002675
                    143,                0.53402,                0.52428,                 1.0296,                0.94089,                0.86508,                 0.9365,                0.75278,                0.74471,                0.54781,                0.93548,             0.00025513,             0.00025513,             0.00025513
                    144,                0.52708,                0.50446,                 1.0303,                0.93442,                0.87681,                0.93924,                0.75643,                0.73068,                0.54204,                0.92987,             0.00024275,             0.00024275,             0.00024275
                    145,                0.54813,                 0.5298,                 1.0338,                0.94742,                0.84876,                0.93905,                0.76377,                0.72894,                 0.5386,                0.92646,             0.00023037,             0.00023037,             0.00023037
                    146,                 0.5306,                0.50453,                 1.0212,                0.92507,                0.89493,                0.94089,                0.75793,                0.73661,                0.54036,                0.93217,               0.000218,               0.000218,               0.000218
                    147,                0.51897,                0.50725,                 1.0177,                0.89401,                0.91684,                0.94246,                  0.763,                0.74406,                0.55188,                 0.9343,             0.00020562,             0.00020562,             0.00020562
                    148,                0.53413,                0.50931,                 1.0246,                0.93637,                0.88768,                0.94653,                0.76779,                0.73796,                0.53629,                 0.9231,             0.00019325,             0.00019325,             0.00019325
                    149,                0.51947,                 0.4937,                  1.022,                0.91176,                0.89853,                0.94201,                0.77276,                0.72629,                0.53021,                0.91992,             0.00018088,             0.00018088,             0.00018088
                    150,                0.52252,                0.51254,                 1.0211,                0.93442,                0.87758,                0.94156,                0.77355,                0.71819,                 0.5216,                0.92251,              0.0001685,              0.0001685,              0.0001685
                    151,                 0.5465,                0.47004,                  1.049,                0.95562,                0.87681,                0.93877,                0.76139,                0.73619,                0.53391,                0.93889,             0.00015612,             0.00015612,             0.00015612
                    152,                 0.4949,                0.40257,                 1.0126,                0.93865,                0.88696,                0.93953,                0.76277,                0.72044,                0.53208,                0.92861,             0.00014375,             0.00014375,             0.00014375
                    153,                0.49989,                0.38599,                 1.0276,                0.94172,                0.87823,                 0.9352,                0.76561,                0.71743,                0.51792,                0.92279,             0.00013138,             0.00013138,             0.00013138
                    154,                0.48678,                0.38231,                 1.0126,                0.94822,                0.86261,                0.93636,                0.76683,                  0.709,                0.51438,                0.92165,               0.000119,               0.000119,               0.000119
                    155,                0.48578,                0.37786,                  1.017,                0.94529,                0.87319,                0.93633,                0.76603,                0.71517,                 0.5168,                0.92647,             0.00010662,             0.00010662,             0.00010662
                    156,                0.47874,                0.37616,                 1.0129,                0.94478,                0.87319,                0.93819,                0.76486,                0.71595,                0.51216,                0.92014,              9.425e-05,              9.425e-05,              9.425e-05
                    157,                0.47287,                0.36763,                 1.0017,                0.94688,                0.87681,                0.93884,                0.76523,                0.70964,                0.50778,                0.91815,             8.1875e-05,             8.1875e-05,             8.1875e-05
                    158,                0.46895,                0.36418,                 1.0039,                0.95628,                0.87168,                0.93944,                0.76665,                 0.7041,                0.50617,                0.91913,               6.95e-05,               6.95e-05,               6.95e-05
                    159,                0.45878,                0.36051,                0.99462,                0.96015,                0.87293,                0.93917,                0.76814,                0.70488,                0.50143,                0.92554,             5.7125e-05,             5.7125e-05,             5.7125e-05
                    160,                0.47609,                0.38425,                 1.0114,                0.95758,                0.87681,                0.93931,                 0.7678,                0.70183,                0.49693,                0.92319,              4.475e-05,              4.475e-05,              4.475e-05
